{
  "mAP@0.5": 0.0504227939180627,
  "mAP@0.75": 0.01281680004808195,
  "per_category_AP@0.5": {
    "car": 0.476655339177971,
    "pedestrian": 0.005928853626052589,
    "truck": 0.0,
    "motorcycle": 0.0015335541606421375,
    "bus": 0.0,
    "bicycle": 0.009090908636363658,
    "rider": 0.0,
    "train": 0.011019283579597632,
    "caravan": 0.0,
    "trailer": 0.0
  },
  "per_category_AP@0.75": {
    "car": 0.12737055231844785,
    "pedestrian": 0.0,
    "truck": 0.0,
    "motorcycle": 0.0007974481623716389,
    "bus": 0.0,
    "bicycle": 0.0,
    "rider": 0.0,
    "train": 0.0,
    "caravan": 0.0,
    "trailer": 0.0
  }
}