{
  "mAP@0.5": 0.035741709766854826,
  "mAP@0.75": 0.0015531014476923692,
  "per_category_AP@0.5": {
    "car": 0.22934149887128238,
    "traffic sign": 0.11985005277449506,
    "traffic light": 0.005819350070178033,
    "person": 0.0,
    "motor": 0.0024061959525928144,
    "bus": 0.0,
    "truck": 0.0,
    "bike": 0.0,
    "rider": 0.0,
    "train": 0.0
  },
  "per_category_AP@0.75": {
    "car": 0.011019283412638796,
    "traffic sign": 0.004388714703275322,
    "traffic light": 0.00012301636100957314,
    "person": 0.0,
    "motor": 0.0,
    "bus": 0.0,
    "truck": 0.0,
    "bike": 0.0,
    "rider": 0.0,
    "train": 0.0
  }
}