{
  "mAP@0.5": 0.0033670029928919236,
  "mAP@0.75": 0.000531632082598843,
  "per_category_AP@0.5": {
    "car": 0.03030302693602731,
    "pedestrian": 0.0,
    "truck": 0.0,
    "motorcycle": 0.0,
    "bus": 0.0,
    "bicycle": 0.0,
    "rider": 0.0,
    "train": 0.0,
    "caravan": 0.0
  },
  "per_category_AP@0.75": {
    "car": 0.004784688743389587,
    "pedestrian": 0.0,
    "truck": 0.0,
    "motorcycle": 0.0,
    "bus": 0.0,
    "bicycle": 0.0,
    "rider": 0.0,
    "train": 0.0,
    "caravan": 0.0
  }
}