{
  "mAP@0.5": 0.023287156420872358,
  "mAP@0.75": 0.0040654529776524215,
  "per_category_AP@0.5": {
    "car": 0.23118806255639784,
    "pedestrian": 0.0,
    "truck": 0.0,
    "motorcycle": 0.001683501652325727,
    "bus": 0.0,
    "bicycle": 0.0,
    "rider": 0.0,
    "train": 0.0,
    "caravan": 0.0,
    "trailer": 0.0
  },
  "per_category_AP@0.75": {
    "car": 0.040654529776524215,
    "pedestrian": 0.0,
    "truck": 0.0,
    "motorcycle": 0.0,
    "bus": 0.0,
    "bicycle": 0.0,
    "rider": 0.0,
    "train": 0.0,
    "caravan": 0.0,
    "trailer": 0.0
  }
}