{
  "mAP@0.5": 0.02269382411817605,
  "mAP@0.75": 0.002415274752121186,
  "per_category_AP@0.5": {
    "car": 0.2040423968620132,
    "pedestrian": 0.0,
    "truck": 0.0,
    "motorcycle": 0.00020202020157126824,
    "bus": 0.0,
    "bicycle": 0.0,
    "rider": 0.0,
    "train": 0.0,
    "caravan": 0.0
  },
  "per_category_AP@0.75": {
    "car": 0.021737472769090674,
    "pedestrian": 0.0,
    "truck": 0.0,
    "motorcycle": 0.0,
    "bus": 0.0,
    "bicycle": 0.0,
    "rider": 0.0,
    "train": 0.0,
    "caravan": 0.0
  }
}