{
  "mAP@0.5": 0.002020201818181839,
  "mAP@0.75": 0.0003483106871329227,
  "per_category_AP@0.5": {
    "car": 0.018181816363636548,
    "pedestrian": 0.0,
    "truck": 0.0,
    "motorcycle": 0.0,
    "bus": 0.0,
    "bicycle": 0.0,
    "rider": 0.0,
    "train": 0.0,
    "caravan": 0.0
  },
  "per_category_AP@0.75": {
    "car": 0.0031347961841963045,
    "pedestrian": 0.0,
    "truck": 0.0,
    "motorcycle": 0.0,
    "bus": 0.0,
    "bicycle": 0.0,
    "rider": 0.0,
    "train": 0.0,
    "caravan": 0.0
  }
}