{
  "mAP@0.5": 0.04855843994684803,
  "mAP@0.75": 0.0058737821712097835,
  "per_category_AP@0.5": {
    "car": 0.47939123076798373,
    "pedestrian": 0.005509641706319398,
    "truck": 0.0,
    "motorcycle": 0.0006835269941771723,
    "bus": 0.0,
    "bicycle": 0.0,
    "rider": 0.0,
    "train": 0.0,
    "caravan": 0.0,
    "trailer": 0.0
  },
  "per_category_AP@0.75": {
    "car": 0.058737821712097835,
    "pedestrian": 0.0,
    "truck": 0.0,
    "motorcycle": 0.0,
    "bus": 0.0,
    "bicycle": 0.0,
    "rider": 0.0,
    "train": 0.0,
    "caravan": 0.0,
    "trailer": 0.0
  }
}