{
  "mAP@0.5": 0.05470521261934987,
  "mAP@0.75": 0.014117172056731858,
  "per_category_AP@0.5": {
    "car": 0.5409033368278401,
    "pedestrian": 0.0,
    "truck": 0.0,
    "motorcycle": 0.006148789365658703,
    "bus": 0.0,
    "bicycle": 0.0,
    "rider": 0.0,
    "train": 0.0,
    "caravan": 0.0,
    "trailer": 0.0
  },
  "per_category_AP@0.75": {
    "car": 0.14117172056731858,
    "pedestrian": 0.0,
    "truck": 0.0,
    "motorcycle": 0.0,
    "bus": 0.0,
    "bicycle": 0.0,
    "rider": 0.0,
    "train": 0.0,
    "caravan": 0.0,
    "trailer": 0.0
  }
}