{
  "mAP@0.5": 0.09061907756781937,
  "mAP@0.75": 0.02625406407269567,
  "per_category_AP@0.5": {
    "car": 0.5438082622057906,
    "pedestrian": 0.008264462684698224,
    "truck": 0.04545453977272799,
    "motorcycle": 0.09255517944198884,
    "bus": 0.04545452272728409,
    "bicycle": 0.09090900000009092,
    "rider": 0.01913875497355835,
    "train": 0.06060605387205463,
    "caravan": 0.0,
    "trailer": 0.0
  },
  "per_category_AP@0.75": {
    "car": 0.17085483264252083,
    "pedestrian": 0.0003045530678620247,
    "truck": 0.0,
    "motorcycle": 0.00047225501648292677,
    "bus": 0.0,
    "bicycle": 0.09090900000009092,
    "rider": 0.0,
    "train": 0.0,
    "caravan": 0.0,
    "trailer": 0.0
  }
}