{
  "mAP@0.5": 0.029446452012478135,
  "mAP@0.75": 0.008090990807144833,
  "per_category_AP@0.5": {
    "car": 0.09090909031100479,
    "pedestrian": 0.016233765653988888,
    "truck": 0.09090904545456818,
    "motorcycle": 7.52558698955588e-05,
    "bus": 0.0289256185199099,
    "bicycle": 0.0,
    "rider": 0.001490312941291442,
    "train": 0.01268498913417573,
    "caravan": 0.050711189784840315,
    "trailer": 0.0025252524551066242
  },
  "per_category_AP@0.75": {
    "car": 0.06526806359452518,
    "pedestrian": 0.0019342359356352124,
    "truck": 0.006269592260296192,
    "motorcycle": 0.0,
    "bus": 0.004132231217129986,
    "bicycle": 0.0,
    "rider": 0.0,
    "train": 0.0,
    "caravan": 0.003305785063861759,
    "trailer": 0.0
  }
}