{
  "mAP@0.5": 0.03714127469138194,
  "mAP@0.75": 0.002002261139186104,
  "per_category_AP@0.5": {
    "car": 0.23728645715780727,
    "traffic sign": 0.12121293444841322,
    "traffic light": 0.006941225253326639,
    "person": 0.0,
    "motor": 0.005972130054272275,
    "bus": 0.0,
    "truck": 0.0,
    "bike": 0.0,
    "rider": 0.0,
    "train": 0.0
  },
  "per_category_AP@0.75": {
    "car": 0.01479915421931593,
    "traffic sign": 0.004940711408747208,
    "traffic light": 0.00010019738884500294,
    "person": 0.0,
    "motor": 0.00018254837495289665,
    "bus": 0.0,
    "truck": 0.0,
    "bike": 0.0,
    "rider": 0.0,
    "train": 0.0
  }
}