{
  "mAP@0.5": 0.03345475810254377,
  "mAP@0.75": 0.0021890944437128156,
  "per_category_AP@0.5": {
    "car": 0.3008262273491623,
    "pedestrian": 0.0,
    "truck": 0.0,
    "motorcycle": 0.00026659557373165784,
    "bus": 0.0,
    "bicycle": 0.0,
    "rider": 0.0,
    "train": 0.0,
    "caravan": 0.0
  },
  "per_category_AP@0.75": {
    "car": 0.01970184999341534,
    "pedestrian": 0.0,
    "truck": 0.0,
    "motorcycle": 0.0,
    "bus": 0.0,
    "bicycle": 0.0,
    "rider": 0.0,
    "train": 0.0,
    "caravan": 0.0
  }
}