{
  "mAP@0.5": 0.019243668060361842,
  "mAP@0.75": 0.0008622841515463723,
  "per_category_AP@0.5": {
    "car": 0.15028546482863164,
    "traffic sign": 0.03525466429838967,
    "traffic light": 0.004545454318181829,
    "person": 0.0,
    "motor": 0.002351097158415307,
    "bus": 0.0,
    "truck": 0.0,
    "bike": 0.0,
    "rider": 0.0,
    "train": 0.0
  },
  "per_category_AP@0.75": {
    "car": 0.00790513816807012,
    "traffic sign": 0.0007177033473936036,
    "traffic light": 0.0,
    "person": 0.0,
    "motor": 0.0,
    "bus": 0.0,
    "truck": 0.0,
    "bike": 0.0,
    "rider": 0.0,
    "train": 0.0
  }
}